,time,high,low,open,volumefrom,volumeto,close,conversionType,conversionSymbol
0,1609200000,739.39,688.87,729.59,708399.11,507583628.28,731.55,direct,
1,1609286400,758.27,717.54,731.55,670985.03,495447971.32,752.53,direct,
2,1609372800,755.68,722.92,752.53,548855.97,405487796.36,737.15,direct,
3,1609459200,749.71,717.14,737.15,436164.48,320856381.75,730.6,direct,
4,1609545600,788.27,716.71,730.6,904953.39,688632713.33,774.9,direct,
5,1609632000,1011.81,770.07,774.9,2200163.67,1987810339.53,978.69,direct,
6,1609718400,1163.36,889.78,978.69,2903509.97,2941908637.58,1043.16,direct,
7,1609804800,1133.9,975.69,1043.16,2076858.97,2209100382.41,1103.19,direct,
8,1609891200,1214.12,1059.19,1103.19,2484714.82,2817165249.56,1210.59,direct,
9,1609977600,1290.46,1151.6,1210.59,1601329.3,1957429185.72,1225.5,direct,
10,1610064000,1273.69,1067.33,1225.5,1767634.41,2103290577.04,1216.98,direct,
11,1610150400,1307.77,1173.77,1216.98,997317.78,1234090079.14,1279.96,direct,
12,1610236800,1350.09,1163.66,1279.96,1503199.13,1931453689.24,1255.72,direct,
13,1610323200,1259.54,912.42,1255.72,3649323.14,3831991768.04,1088.37,direct,
14,1610409600,1149.87,1007.68,1088.37,1521509.38,1647583878.23,1050.04,direct,
15,1610496000,1136.66,985.32,1050.04,1182504.51,1262994625.32,1129.84,direct,
16,1610582400,1246.36,1087.39,1129.84,1151856.9,1349158455.8,1232.11,direct,
17,1610668800,1255.19,1069.37,1232.11,1395002.47,1643038085.27,1169.06,direct,
18,1610755200,1293.2,1152.92,1169.06,1020332.59,1250938805.76,1228.52,direct,
19,1610841600,1269.49,1166.6,1228.52,783042.23,957632921.26,1233.73,direct,
20,1610928000,1260.68,1183.78,1233.73,663535.05,813409622.3,1258.31,direct,
21,1611014400,1439.37,1252.78,1258.31,1607009.53,2197247666.73,1367.65,direct,
22,1611100800,1408.06,1234.88,1367.65,1362169.39,1802865032.38,1377.75,direct,
23,1611187200,1389.04,1086.55,1377.75,1941246.58,2374156404.45,1111.49,direct,
24,1611273600,1275.45,1044.92,1111.49,1781416.3,2068128154.63,1234.56,direct,
25,1611360000,1272.57,1197.55,1234.56,617746.69,766118780.58,1234.1,direct,
26,1611446400,1400.2,1221.78,1234.1,1164242.17,1540273353.15,1392.45,direct,
27,1611532800,1475.49,1296.02,1392.45,1477949.16,2072432387.85,1318.47,direct,
28,1611619200,1378.06,1246.49,1318.47,1325006.34,1749379399.61,1368.22,direct,
29,1611705600,1374.39,1207.77,1368.22,1409050.67,1798477778.92,1241.51,direct,
30,1611792000,1361.36,1220.48,1241.51,1035138.63,1368788914.36,1330.78,direct,
31,1611878400,1442.14,1287.5,1330.78,1622581.39,2215293756.32,1379.13,direct,
32,1611964800,1406.51,1326.9,1379.13,585864.43,798440634.01,1379.35,direct,
33,1612051200,1381.53,1283.77,1379.35,492089.73,653725686.92,1314.18,direct,
34,1612137600,1377.77,1271.68,1314.18,585469.21,774664819.38,1374.57,direct,
35,1612224000,1549.2,1361.84,1374.57,1325932.08,1932069095.73,1513.9,direct,
36,1612310400,1670.87,1510.16,1513.9,1156693.15,1832159523.59,1667.22,direct,
37,1612396800,1697.97,1558.06,1667.22,1172256.64,1921213581.05,1597.44,direct,
38,1612483200,1762.23,1592.92,1597.44,963997.03,1626954142.52,1721.48,direct,
39,1612569600,1744.33,1648.46,1721.48,765790.73,1293997066.53,1679.14,direct,
40,1612656000,1694.5,1494.84,1679.14,929611.92,1480130359.34,1614.64,direct,
41,1612742400,1779.25,1565.98,1614.64,1166827.02,1975321767.53,1752.87,direct,
42,1612828800,1824.66,1710.46,1752.87,894749.11,1573102089.36,1772.05,direct,
43,1612915200,1838.93,1680.58,1772.05,959891.91,1691442085.33,1743.0,direct,
44,1613001600,1818.43,1705.77,1743.0,589410.57,1043919213.74,1787.69,direct,
45,1613088000,1867.1,1741.17,1787.69,750882.93,1354431182.3,1844.84,direct,
46,1613174400,1875.55,1765.87,1844.84,522573.28,950428277.14,1817.48,direct,
47,1613260800,1852.06,1786.75,1817.48,423533.72,772757223.36,1802.96,direct,
48,1613347200,1836.25,1661.33,1802.96,919696.6,1616101004.74,1779.4,direct,
49,1613433600,1825.9,1726.66,1779.4,608093.81,1081268304.83,1782.83,direct,
50,1613520000,1856.88,1734.79,1782.83,565395.25,1021991301.71,1851.14,direct,
51,1613606400,1950.03,1850.93,1851.14,624859.46,1193546506.61,1939.61,direct,
52,1613692800,1973.92,1891.32,1939.61,603867.66,1170439220.78,1957.47,direct,
53,1613779200,2038.52,1819.36,1957.47,968370.26,1903964736.95,1915.12,direct,
54,1613865600,1975.88,1885.62,1915.12,413929.05,802733653.42,1935.14,direct,
55,1613952000,1937.57,1446.99,1935.14,1512841.22,2656835977.99,1778.07,direct,
56,1614038400,1781.51,1360.96,1778.07,2496275.35,3829356462.28,1578.19,direct,
57,1614124800,1713.25,1500.94,1578.19,1086421.38,1769603424.19,1625.17,direct,
58,1614211200,1672.23,1459.54,1625.17,803691.98,1278762281.98,1481.88,direct,
59,1614297600,1563.11,1400.53,1481.88,1036113.25,1529005290.71,1446.1,direct,
60,1614384000,1526.93,1426.45,1446.1,585399.45,867562033.49,1460.23,direct,
61,1614470400,1469.7,1294.05,1460.23,1156430.89,1583883301.69,1422.58,direct,
62,1614556800,1572.92,1413.28,1422.58,800017.26,1205752163.07,1571.49,direct,
63,1614643200,1604.11,1456.73,1571.49,590267.55,906296855.1,1488.67,direct,
64,1614729600,1657.11,1477.82,1488.67,577883.81,917252731.88,1568.65,direct,
65,1614816000,1625.02,1505.61,1568.65,657432.27,1023294046.59,1538.37,direct,
66,1614902400,1549.35,1443.48,1538.37,708293.26,1053353462.19,1529.75,direct,
67,1614988800,1670.56,1514.5,1529.75,730694.87,1162129783.44,1651.48,direct,
68,1615075200,1734.52,1631.59,1651.48,449616.47,750450852.99,1726.33,direct,
69,1615161600,1842.9,1666.76,1726.33,687732.85,1199163171.81,1834.48,direct,
70,1615248000,1872.1,1799.85,1834.48,512339.31,939208423.11,1872.1,direct,
71,1615334400,1878.68,1758.02,1872.1,725975.31,1320531852.38,1795.63,direct,
72,1615420800,1846.24,1726.09,1795.63,537879.47,964788578.61,1827.06,direct,
73,1615507200,1842.03,1722.01,1827.06,548553.31,972065732.17,1767.77,direct,
74,1615593600,1943.37,1728.87,1767.77,592461.56,1104075445.89,1921.18,direct,
75,1615680000,1931.77,1837.82,1921.18,367039.57,690832715.33,1848.69,direct,
76,1615766400,1891.24,1735.53,1848.69,781036.17,1403489044.83,1794.83,direct,
77,1615852800,1819.57,1716.2,1794.83,624327.03,1108536467.78,1805.64,direct,
78,1615939200,1838.35,1742.81,1805.64,629261.22,1129204045.53,1823.03,direct,
79,1616025600,1849.5,1759.7,1823.03,406758.7,735764945.49,1776.16,direct,
80,1616112000,1840.66,1734.36,1776.16,324695.13,584649417.76,1809.76,direct,
81,1616198400,1868.98,1800.95,1809.76,272549.21,500262459.33,1805.49,direct,
82,1616284800,1817.33,1747.94,1805.49,343447.52,612374090.22,1783.94,direct,
83,1616371200,1807.19,1657.58,1783.94,496567.29,861293326.85,1682.05,direct,
84,1616457600,1721.69,1652.19,1682.05,392868.19,664606148.51,1668.69,direct,
85,1616544000,1740.3,1546.93,1668.69,773811.51,1282635340.24,1583.24,direct,
86,1616630400,1621.59,1549.08,1583.24,532202.27,845403275.47,1586.98,direct,
87,1616716800,1700.19,1586.8,1586.98,398023.77,653006855.68,1699.89,direct,
88,1616803200,1732.36,1667.18,1699.89,240514.86,409407275.39,1713.94,direct,
89,1616889600,1725.59,1662.16,1713.94,203653.93,345610376.43,1686.74,direct,
90,1616976000,1840.88,1676.68,1686.74,485643.56,861718830.25,1816.48,direct,
91,1617062400,1859.58,1786.81,1816.48,321661.61,588402836.48,1841.4,direct,
92,1617148800,1947.27,1772.26,1841.4,574695.62,1070069136.01,1919.08,direct,
93,1617235200,1982.01,1888.82,1919.08,452661.12,878675921.08,1967.67,direct,
94,1617321600,2144.04,1949.57,1967.67,575612.31,1171559202.46,2134.46,direct,
95,1617408000,2138.57,2002.95,2134.46,465878.89,966547451.67,2009.19,direct,
96,1617494400,2092.26,1981.36,2009.19,268891.15,549224714.37,2076.62,direct,
97,1617580800,2130.42,2003.31,2076.62,350641.1,729654195.02,2107.73,direct,
98,1617667200,2150.74,2045.94,2107.73,469974.9,990663666.13,2112.29,direct,
99,1617753600,2128.54,1931.07,2112.29,623594.91,1252547038.35,1964.18,direct,
100,1617840000,2084.31,1950.13,1964.18,305197.37,619720134.67,2081.11,direct,
101,1617926400,2100.0,2049.84,2081.11,300783.89,624512595.28,2066.55,direct,
102,1618012800,2195.55,2057.75,2066.55,415765.82,889892660.09,2133.82,direct,
103,1618099200,2163.6,2113.71,2133.82,208018.65,445144430.2,2150.54,direct,
104,1618185600,2200.09,2102.81,2150.54,321554.58,690437458.28,2137.79,direct,
105,1618272000,2314.02,2136.24,2137.79,542269.51,1214602558.5,2298.66,direct,
106,1618358400,2446.07,2282.77,2298.66,691403.42,1631081340.89,2431.86,direct,
107,1618444800,2545.89,2401.07,2431.86,531393.8,1311251415.24,2517.08,direct,
108,1618531200,2547.4,2306.2,2517.08,691735.22,1677614061.1,2425.96,direct,
109,1618617600,2496.71,2315.76,2425.96,439527.77,1057642278.34,2318.01,direct,
110,1618704000,2339.37,1976.71,2318.01,1237429.53,2686887831.66,2240.96,direct,
111,1618790400,2281.08,2071.54,2240.96,712383.89,1554224533.41,2163.36,direct,
112,1618876800,2348.17,2055.51,2163.36,861229.69,1886717479.23,2332.45,direct,
113,1618963200,2469.05,2238.47,2332.45,834316.0,1971928079.96,2357.59,direct,
114,1619049600,2644.5,2310.62,2357.59,1338689.99,3319342457.7,2401.35,direct,
115,1619136000,2441.96,2096.0,2401.35,1532966.63,3462302445.7,2369.67,direct,
116,1619222400,2370.67,2159.64,2369.67,545795.93,1232014469.73,2216.56,direct,
117,1619308800,2357.02,2166.7,2216.56,692277.45,1563493601.18,2322.14,direct,
118,1619395200,2542.23,2306.94,2322.14,742616.36,1831381585.37,2534.9,direct,
119,1619481600,2681.47,2485.34,2534.9,607149.72,1576533318.02,2667.93,direct,
120,1619568000,2761.78,2560.07,2667.93,823472.94,2211100347.39,2750.91,direct,
121,1619654400,2799.55,2672.02,2750.91,617743.29,1693692607.67,2758.46,direct,
122,1619740800,2799.6,2727.7,2758.46,422851.03,1166672092.0,2775.96,direct,
123,1619827200,2954.54,2757.04,2775.96,458591.96,1319269388.69,2947.8,direct,
124,1619913600,2985.05,2856.3,2947.8,343732.99,1007547549.64,2951.98,direct,
125,1620000000,3455.66,2951.85,2951.98,1138802.12,3650014191.34,3431.41,direct,
126,1620086400,3531.04,3185.01,3431.41,1452703.51,4856094057.96,3241.09,direct,
127,1620172800,3549.08,3208.25,3241.09,884171.46,2987271855.25,3528.86,direct,
128,1620259200,3607.98,3381.46,3528.86,778852.98,2723700342.59,3491.74,direct,
129,1620345600,3592.46,3360.6,3491.74,578858.34,2017976762.42,3483.96,direct,
130,1620432000,3959.92,3454.89,3483.96,669610.72,2489085350.71,3916.25,direct,
131,1620518400,3982.33,3730.53,3916.25,623594.65,2421772525.96,3927.06,direct,
132,1620604800,4210.05,3712.47,3927.06,1190037.55,4805160991.1,3949.77,direct,
133,1620691200,4182.26,3770.53,3949.77,790117.42,3146654572.85,4178.02,direct,
134,1620777600,4379.79,3777.24,4178.02,1321151.72,5489764411.82,3811.29,direct,
135,1620864000,4045.28,3546.6,3811.29,1632743.76,6173576604.52,3718.99,direct,
136,1620950400,4176.42,3696.24,3718.99,681070.26,2713948078.85,4080.13,direct,
137,1621036800,4133.56,3634.39,4080.13,690233.62,2665190551.47,3644.04,direct,
138,1621123200,3879.08,3350.54,3644.04,1031364.39,3696212448.72,3586.18,direct,
139,1621209600,3590.01,3117.41,3586.18,1474599.06,4924404061.32,3280.73,direct,
140,1621296000,3564.97,3242.5,3280.73,979392.26,3346074529.75,3377.65,direct,
141,1621382400,3441.2,1947.97,3377.65,3555126.89,9657968555.96,2442.89,direct,
142,1621468800,2996.39,2162.9,2442.89,2086633.64,5492948402.81,2772.84,direct,
143,1621555200,2939.92,2107.47,2772.84,1890815.86,4714736714.8,2435.86,direct,
144,1621641600,2486.25,2158.17,2435.86,1421431.75,3320459994.89,2297.03,direct,
145,1621728000,2382.3,1736.21,2297.03,2464645.1,4985757879.79,2098.57,direct,
146,1621814400,2675.29,2081.99,2098.57,1906727.17,4567480766.29,2648.77,direct,
147,1621900800,2755.91,2387.23,2648.77,1514977.65,3915916814.09,2707.49,direct,
148,1621987200,2912.07,2648.47,2707.49,1102350.01,3067471922.96,2888.94,direct,
149,1622073600,2891.49,2641.48,2888.94,825746.35,2281995472.98,2742.48,direct,
150,1622160000,2761.88,2334.05,2742.48,1350168.83,3418586712.49,2412.36,direct,
151,1622246400,2573.27,2208.58,2412.36,1080128.04,2557596064.82,2278.58,direct,
152,1622332800,2475.92,2182.6,2278.58,976153.03,2311564285.7,2386.91,direct,
153,1622419200,2718.67,2274.99,2386.91,871042.27,2183404966.43,2707.38,direct,
154,1622505600,2742.61,2529.17,2707.38,719587.48,1882287507.52,2634.23,direct,
155,1622592000,2801.72,2553.06,2634.23,590403.58,1593115620.38,2706.52,direct,
156,1622678400,2889.66,2663.83,2706.52,630583.32,1767131489.54,2856.01,direct,
157,1622764800,2859.2,2554.63,2856.01,697975.45,1870054033.42,2691.17,direct,
158,1622851200,2816.78,2553.73,2691.17,570354.57,1523173179.92,2629.76,direct,
159,1622937600,2745.12,2615.9,2629.76,345624.87,930314354.19,2710.99,direct,
160,1623024000,2847.92,2574.68,2710.99,635977.9,1734370558.93,2593.12,direct,
161,1623110400,2621.22,2310.58,2593.12,1049561.45,2594319741.23,2509.23,direct,
162,1623196800,2626.22,2407.88,2509.23,719386.66,1819177646.94,2610.64,direct,
163,1623283200,2624.05,2428.83,2610.64,403228.88,1018177774.01,2471.56,direct,
164,1623369600,2497.64,2322.3,2471.56,408138.02,988630797.95,2355.09,direct,
165,1623456000,2452.14,2259.36,2355.09,379128.5,891766601.89,2369.62,direct,
166,1623542400,2549.74,2310.29,2369.62,364534.68,882400625.24,2509.7,direct,
167,1623628800,2608.81,2462.27,2509.7,388978.97,985454994.26,2582.12,direct,
168,1623715200,2639.89,2507.88,2582.12,343235.2,884043051.65,2543.6,direct,
169,1623801600,2554.51,2351.52,2543.6,403684.37,986488084.54,2367.7,direct,
170,1623888000,2458.97,2306.4,2367.7,364787.43,866421709.08,2372.31,direct,
171,1623974400,2377.33,2135.22,2372.31,531451.42,1193362399.58,2233.57,direct,
172,1624060800,2278.35,2164.05,2233.57,321968.53,715881808.7,2166.61,direct,
173,1624147200,2276.61,2043.74,2166.61,491490.81,1057105893.49,2243.6,direct,
174,1624233600,2259.39,1870.01,2243.6,1396642.92,2759117557.28,1887.89,direct,
175,1624320000,1998.75,1705.78,1887.89,1703182.02,3161540297.98,1880.83,direct,
176,1624406400,2044.91,1827.2,1880.83,714905.63,1416402416.38,1968.56,direct,
177,1624492800,2034.57,1886.17,1968.56,448512.52,882504031.49,1989.01,direct,
178,1624579200,2019.45,1791.99,1989.01,882983.22,1653237866.52,1810.27,direct,
179,1624665600,1851.36,1717.91,1810.27,575329.88,1021387751.81,1830.94,direct,
180,1624752000,1984.58,1808.2,1830.94,583203.44,1092710033.78,1983.33,direct,
181,1624838400,2143.6,1961.83,1983.33,638008.18,1308344183.96,2083.8,direct,
182,1624924800,2245.38,2075.64,2083.8,455104.86,990499298.9,2165.61,direct,
183,1625011200,2287.05,2089.55,2165.61,518346.72,1128164730.61,2276.14,direct,
184,1625097600,2277.05,2074.67,2276.14,499798.16,1069055464.26,2109.29,direct,
185,1625184000,2159.25,2018.32,2109.29,411011.61,855546242.98,2155.65,direct,
186,1625270400,2238.77,2113.24,2155.65,233568.59,511756918.09,2227.18,direct,
187,1625356800,2387.73,2190.78,2227.18,297638.95,690333030.43,2323.27,direct,
188,1625443200,2323.53,2159.57,2323.27,364621.13,817032182.71,2196.71,direct,
189,1625529600,2349.66,2194.97,2196.71,371318.48,852673341.75,2322.63,direct,
190,1625616000,2408.53,2294.71,2322.63,327127.26,771174149.51,2317.12,direct,
191,1625702400,2324.72,2084.63,2317.12,766987.58,1669543858.83,2114.51,direct,
192,1625788800,2186.26,2048.12,2114.51,594562.44,1261710486.51,2145.67,direct,
193,1625875200,2190.77,2075.55,2145.67,254162.69,539204127.95,2110.47,direct,
194,1625961600,2173.19,2081.93,2110.47,158610.1,337296664.18,2140.45,direct,
195,1626048000,2168.12,2007.79,2140.45,343756.4,713106274.89,2032.88,direct,
196,1626134400,2046.08,1917.9,2032.88,407842.5,808408679.47,1940.61,direct,
197,1626220800,2019.42,1866.25,1940.61,389974.78,758228459.63,1994.22,direct,
198,1626307200,2039.24,1881.4,1994.22,443146.82,858515598.28,1918.17,direct,
199,1626393600,1964.79,1850.35,1918.17,358403.19,682133152.13,1877.05,direct,
200,1626480000,1918.93,1849.84,1877.05,279072.61,526262391.22,1899.96,direct,
201,1626566400,1993.26,1881.84,1899.96,291029.97,563444548.7,1891.96,direct,
202,1626652800,1918.43,1806.49,1891.96,409977.3,755083019.62,1818.6,direct,
203,1626739200,1840.59,1720.11,1818.6,640378.57,1129313606.55,1786.52,direct,
204,1626825600,2030.25,1755.61,1786.52,582170.14,1115295604.75,1994.98,direct,
205,1626912000,2046.29,1949.15,1994.98,382331.84,764626427.4,2024.74,direct,
206,1626998400,2131.09,1997.36,2024.74,352598.68,724351214.33,2125.57,direct,
207,1627084800,2199.99,2107.47,2125.57,371801.43,800523696.67,2185.98,direct,
208,1627171200,2197.07,2109.21,2185.98,225699.63,486982701.92,2194.34,direct,
209,1627257600,2430.27,2175.42,2194.34,755760.16,1749133447.44,2228.67,direct,
210,1627344000,2319.63,2152.97,2228.67,503449.86,1127164753.79,2301.98,direct,
211,1627430400,2346.53,2245.77,2301.98,384405.14,883372200.32,2301.12,direct,
212,1627516800,2398.97,2268.67,2301.12,288398.83,669545747.5,2383.24,direct,
213,1627603200,2471.75,2318.5,2383.24,417083.79,998308862.77,2463.61,direct,
214,1627689600,2553.71,2422.41,2463.61,257758.42,638035305.39,2531.75,direct,
215,1627776000,2698.09,2513.63,2531.75,541191.87,1405547764.41,2556.41,direct,
216,1627862400,2666.13,2507.76,2556.41,490026.06,1270507490.79,2608.44,direct,
217,1627948800,2632.24,2447.32,2608.44,478917.91,1201033361.49,2508.21,direct,
218,1628035200,2770.24,2458.12,2508.21,450683.38,1182974472.34,2725.72,direct,
219,1628121600,2844.03,2536.51,2725.72,676232.43,1840893881.29,2829.23,direct,
220,1628208000,2949.04,2722.76,2829.23,564433.29,1602017697.15,2892.36,direct,
221,1628294400,3172.52,2866.96,2892.36,628647.21,1916399198.61,3162.43,direct,
222,1628380800,3190.38,2949.65,3162.43,406534.58,1246845074.97,3013.75,direct,
223,1628467200,3187.64,2895.74,3013.75,586525.71,1814885554.8,3164.94,direct,
224,1628553600,3233.77,3053.01,3164.94,518525.95,1628100044.55,3141.67,direct,
225,1628640000,3274.22,3123.08,3141.67,429196.89,1379418397.59,3163.42,direct,
226,1628726400,3239.16,2981.32,3163.42,512136.49,1580516998.17,3047.29,direct,
227,1628812800,3328.83,3035.99,3047.29,447889.8,1440675493.43,3324.26,direct,
228,1628899200,3332.19,3208.8,3324.26,232982.78,761182928.57,3266.71,direct,
229,1628985600,3323.3,3115.33,3266.71,311469.23,999629719.78,3311.12,direct,
230,1629072000,3337.45,3137.59,3311.12,372474.25,1207480563.4,3147.63,direct,
231,1629158400,3292.09,2994.41,3147.63,516276.32,1624081267.21,3011.96,direct,
232,1629244800,3125.9,2952.86,3011.96,382354.88,1162842776.74,3013.52,direct,
233,1629331200,3187.36,2963.91,3013.52,348727.03,1067409385.98,3184.74,direct,
234,1629417600,3301.32,3179.27,3184.74,373266.47,1211687408.42,3286.5,direct,
235,1629504000,3310.73,3208.73,3286.5,213473.54,697445564.75,3226.59,direct,
236,1629590400,3274.41,3130.12,3226.59,203966.43,653906471.77,3241.65,direct,
237,1629676800,3378.69,3234.59,3241.65,376372.05,1251116527.27,3322.71,direct,
238,1629763200,3359.79,3150.96,3322.71,310672.97,1008586226.64,3172.57,direct,
239,1629849600,3248.84,3080.23,3172.57,309242.57,982903687.8,3228.86,direct,
240,1629936000,3251.2,3059.7,3228.86,294003.64,917871423.67,3093.62,direct,
241,1630022400,3282.69,3057.59,3093.62,334369.04,1066589734.58,3275.87,direct,
242,1630108800,3287.97,3212.9,3275.87,135749.78,440641512.36,3246.78,direct,
243,1630195200,3287.2,3154.86,3246.78,186146.45,598363684.17,3225.3,direct,
244,1630281600,3348.62,3146.73,3225.3,412458.94,1341591930.15,3228.46,direct,
245,1630368000,3480.11,3190.71,3228.46,572973.24,1922788188.74,3435.17,direct,
246,1630454400,3841.79,3385.05,3435.17,596759.09,2152466889.63,3829.18,direct,
247,1630540800,3837.51,3724.1,3829.18,360090.0,1360330757.88,3787.7,direct,
248,1630627200,4026.86,3712.13,3787.7,517330.35,2016700978.59,3939.79,direct,
249,1630713600,3969.89,3835.04,3939.79,230192.53,898914227.68,3887.01,direct,
250,1630800000,3982.63,3835.93,3887.01,212345.73,832602701.76,3952.33,direct,
251,1630886400,3971.74,3872.94,3952.33,247435.33,971327540.19,3928.4,direct,
252,1630972800,3947.45,3170.57,3928.4,1057330.56,3755934253.91,3433.48,direct,
253,1631059200,3560.94,3217.86,3433.48,659844.07,2254428180.74,3499.69,direct,
254,1631145600,3567.91,3395.5,3499.69,471809.78,1646622795.7,3424.24,direct,
255,1631232000,3513.41,3149.58,3424.24,522874.87,1736829807.16,3209.41,direct,
256,1631318400,3347.75,3201.4,3209.41,284401.72,931672905.38,3266.43,direct,
257,1631404800,3471.17,3232.65,3266.43,277383.04,936318554.79,3405.32,direct,
258,1631491200,3429.17,3121.17,3405.32,523307.23,1700713421.4,3285.4,direct,
259,1631577600,3437.3,3272.39,3285.4,309350.29,1035256383.1,3436.05,direct,
260,1631664000,3617.68,3361.88,3436.05,317503.69,1104834751.1,3615.22,direct,
261,1631750400,3673.8,3484.59,3615.22,424361.99,1522954456.45,3569.26,direct,
262,1631836800,3593.71,3354.35,3569.26,367680.83,1269889232.32,3398.82,direct,
263,1631923200,3541.73,3370.5,3398.82,279872.2,968755868.2,3435.76,direct,
264,1632009600,3456.34,3282.08,3435.76,222702.65,749411817.66,3328.85,direct,
265,1632096000,3344.34,2926.56,3328.85,925768.52,2854105768.19,2966.51,direct,
266,1632182400,3103.63,2677.64,2966.51,906870.89,2632590191.67,2760.2,direct,
267,1632268800,3090.16,2738.86,2760.2,525831.56,1546061749.14,3078.88,direct,
268,1632355200,3177.43,3037.12,3078.88,336516.23,1048023991.37,3154.62,direct,
269,1632441600,3160.27,2745.73,3154.62,727870.33,2116848129.48,2930.86,direct,
270,1632528000,2968.99,2805.35,2930.86,341606.33,992935823.56,2925.34,direct,
271,1632614400,3116.4,2742.73,2925.34,389358.67,1144546427.35,3064.21,direct,
272,1632700800,3166.17,2925.7,3064.21,362312.15,1109513874.46,2927.73,direct,
273,1632787200,2970.52,2791.15,2927.73,413892.02,1193298638.31,2807.44,direct,
274,1632873600,2949.74,2784.02,2807.44,354249.16,1015388802.44,2850.87,direct,
275,1632960000,3048.78,2838.28,2850.87,359598.28,1074045517.68,3000.83,direct,
276,1633046400,3334.03,2969.29,3000.83,464652.73,1480674960.09,3310.63,direct,
277,1633132800,3469.12,3260.49,3310.63,258224.73,869122812.18,3389.48,direct,
278,1633219200,3488.52,3344.87,3389.48,218924.04,748590158.94,3420.14,direct,
279,1633305600,3437.69,3281.47,3420.14,306098.91,1029946380.56,3384.5,direct,
280,1633392000,3546.36,3366.32,3384.5,297318.27,1026457702.21,3516.09,direct,
281,1633478400,3626.63,3345.21,3516.09,447259.09,1577043616.23,3576.08,direct,
282,1633564800,3655.04,3471.22,3576.19,311707.69,1115192656.55,3588.12,direct,
283,1633651200,3669.37,3536.08,3588.2,261572.12,944018845.76,3562.84,direct,
284,1633737600,3633.84,3539.3,3562.84,135476.06,486436966.61,3576.4,direct,
285,1633824000,3604.88,3409.77,3576.4,194957.07,685931826.8,3416.49,direct,
286,1633910400,3622.59,3374.5,3416.49,261644.17,924487424.69,3544.14,direct,
287,1633996800,3548.55,3404.55,3544.14,302081.99,1052426344.65,3490.61,direct,
288,1634083200,3613.53,3413.15,3490.61,280470.44,983041094.72,3607.55,direct,
289,1634169600,3826.21,3589.52,3607.55,394599.77,1472924368.3,3791.23,direct,
290,1634256000,3902.04,3735.27,3791.23,381684.12,1458863383.96,3868.16,direct,
291,1634342400,3968.29,3804.18,3868.16,256819.08,995972602.42,3829.61,direct,
292,1634428800,3918.06,3651.37,3829.61,275172.94,1045896725.37,3846.66,direct,
293,1634515200,3894.27,3677.52,3846.66,361513.63,1365253107.8,3746.14,direct,
294,1634601600,3888.54,3733.6,3746.14,291414.08,1110236475.25,3877.45,direct,
295,1634688000,4168.74,3829.95,3877.45,427521.45,1719887383.03,4162.49,direct,
296,1634774400,4373.21,4015.24,4162.49,585122.78,2439959842.9,4062.76,direct,
297,1634860800,4168.19,3892.38,4062.76,365507.01,1474774578.95,3971.95,direct,
298,1634947200,4171.67,3937.93,3971.95,206808.72,839766245.34,4168.96,direct,
299,1635033600,4185.96,3963.11,4168.96,222789.38,904114100.2,4082.08,direct,
300,1635120000,4235.57,4069.68,4082.08,273786.47,1140017638.98,4220.26,direct,
301,1635206400,4295.04,4094.55,4220.26,307683.57,1291728236.29,4129.95,direct,
302,1635292800,4308.89,3921.73,4129.95,579703.87,2371617544.49,3924.31,direct,
303,1635379200,4294.39,3897.1,3924.31,487099.05,2020610386.22,4288.22,direct,
304,1635465600,4459.9,4268.45,4288.22,479793.58,2095769732.29,4417.4,direct,
305,1635552000,4433.67,4241.44,4417.4,219463.6,948358418.96,4323.94,direct,
306,1635638400,4395.57,4170.69,4323.94,265619.86,1135939130.48,4290.1,direct,
307,1635724800,4383.1,4153.91,4290.1,331343.91,1425220983.08,4322.79,direct,
308,1635811200,4603.64,4287.58,4322.79,419178.03,1870280986.16,4593.15,direct,
309,1635897600,4669.63,4457.12,4593.15,402513.51,1842855559.04,4604.4,direct,
310,1635984000,4608.55,4423.44,4604.4,302900.12,1369081687.71,4536.99,direct,
311,1636070400,4573.58,4446.48,4536.99,227363.23,1023750022.65,4480.09,direct,
312,1636156800,4532.21,4330.7,4480.09,200179.03,889268557.48,4521.41,direct,
313,1636243200,4638.45,4507.27,4521.41,162615.74,745891590.35,4617.13,direct,
314,1636329600,4823.95,4616.63,4617.13,295621.95,1401093512.37,4810.97,direct,
315,1636416000,4841.12,4710.0,4810.97,278323.93,1331650830.12,4732.07,direct,
316,1636502400,4865.94,4488.21,4732.07,453846.25,2133668813.42,4632.98,direct,
317,1636588800,4781.36,4579.28,4632.98,222355.2,1045035758.02,4722.68,direct,
318,1636675200,4807.7,4510.48,4722.68,326957.09,1521700733.37,4668.7,direct,
319,1636761600,4705.5,4587.56,4668.7,133116.8,619103766.42,4645.64,direct,
320,1636848000,4694.35,4517.53,4645.64,172936.08,793795679.01,4627.5,direct,
321,1636934400,4769.78,4542.39,4627.5,249920.05,1163390034.39,4561.38,direct,
322,1637020800,4564.74,4119.14,4561.38,635539.32,2736848801.78,4210.14,direct,
323,1637107200,4299.27,4072.31,4210.14,346937.73,1453634025.34,4289.75,direct,
324,1637193600,4345.89,3960.96,4289.75,533470.11,2191561063.22,3998.17,direct,
325,1637280000,4312.99,3976.76,3998.17,376892.96,1570958313.67,4299.27,direct,
326,1637366400,4438.77,4207.89,4299.27,183688.33,793329749.88,4415.72,direct,
327,1637452800,4427.16,4249.1,4415.72,155708.27,677869864.33,4264.61,direct,
328,1637539200,4316.81,4026.8,4264.61,361088.34,1505604412.03,4090.46,direct,
329,1637625600,4388.46,4064.13,4090.46,334979.15,1418992817.98,4341.17,direct,
330,1637712000,4372.59,4170.12,4341.17,242314.24,1031134404.33,4271.96,direct,
331,1637798400,4553.76,4250.21,4271.96,232199.87,1026529358.49,4523.8,direct,
332,1637884800,4553.39,3924.75,4523.8,589151.39,2436905151.43,4042.55,direct,
333,1637971200,4186.32,4032.49,4042.55,171463.23,705324182.49,4100.3,direct,
334,1638057600,4301.69,3966.8,4100.3,247141.4,1016069613.05,4297.92,direct,
335,1638144000,4461.9,4283.21,4297.92,289979.7,1267610516.1,4448.49,direct,
336,1638230400,4757.28,4351.26,4448.49,613077.97,2807573673.7,4631.1,direct,
337,1638316800,4781.93,4527.67,4631.1,435841.64,2040601934.49,4587.74,direct,
338,1638403200,4635.8,4436.52,4587.74,313150.82,1418366718.66,4514.8,direct,
339,1638489600,4659.62,4088.98,4514.8,520083.09,2259654209.54,4219.32,direct,
340,1638576000,4238.26,3692.26,4219.32,794368.81,3148499591.46,4124.26,direct,
341,1638662400,4255.77,4039.23,4124.26,409297.68,1701512079.93,4201.09,direct,
342,1638748800,4378.45,3921.25,4201.09,620289.46,2557612886.32,4357.17,direct,
343,1638835200,4431.06,4261.1,4357.17,321026.63,1397029329.38,4309.7,direct,
344,1638921600,4455.48,4229.69,4309.7,291373.82,1271231903.62,4439.98,direct,
345,1639008000,4489.81,4077.39,4439.98,387852.11,1647959364.78,4111.92,direct,
346,1639094400,4229.29,3890.33,4111.92,465520.56,1887677550.92,3902.49,direct,
347,1639180800,4099.04,3835.8,3902.49,306631.5,1229885614.78,4088.68,direct,
348,1639267200,4179.55,3990.11,4088.68,201356.73,822451692.61,4135.31,direct,
349,1639353600,4144.68,3672.91,4135.31,638868.62,2479495385.68,3785.08,direct,
350,1639440000,3882.64,3687.79,3785.08,350824.15,1331915229.79,3862.18,direct,
351,1639526400,4095.28,3651.32,3862.18,584777.27,2261433715.25,4020.19,direct,
352,1639612800,4113.2,3953.97,4020.19,300503.54,1214057116.12,3957.03,direct,
353,1639699200,3994.8,3701.56,3957.03,391840.81,1510947390.05,3876.37,direct,
354,1639785600,3998.59,3769.26,3876.37,230980.4,905001419.39,3961.96,direct,
355,1639872000,4032.94,3887.35,3961.96,180827.39,714693305.99,3924.55,direct,
356,1639958400,3982.81,3755.88,3924.55,297439.66,1148343070.42,3945.57,direct,
357,1640044800,4063.67,3911.66,3945.57,274950.73,1100583287.23,4017.7,direct,
358,1640131200,4075.0,3940.86,4017.7,191823.84,769184671.11,3981.26,direct,
359,1640217600,4155.17,3896.44,3981.26,315272.64,1268269549.32,4112.35,direct,
360,1640304000,4137.22,4014.98,4112.35,179378.39,733002231.89,4047.87,direct,
361,1640390400,4141.62,4023.5,4047.87,108759.92,443317505.87,4097.06,direct,
362,1640476800,4106.52,4008.08,4097.06,112519.97,456822577.62,4063.44,direct,
363,1640563200,4128.11,4030.81,4063.44,164782.11,672618458.2,4037.87,direct,
364,1640649600,4038.31,3761.18,4037.87,340005.93,1320165386.47,3793.54,direct,
365,1640736000,3827.6,3604.6,3793.54,290193.74,1086528328.73,3629.31,direct,
366,1640822400,3769.38,3588.54,3629.31,264722.99,978675377.84,3710.08,direct,
367,1640908800,3814.37,3621.79,3710.08,298108.43,1110593109.24,3675.79,direct,
368,1640995200,3777.06,3675.15,3675.79,148235.07,552908047.08,3766.74,direct,
369,1641081600,3854.47,3718.46,3766.74,140733.04,532912408.05,3830.92,direct,
370,1641168000,3850.72,3682.61,3830.92,194314.85,733848876.26,3765.16,direct,
371,1641254400,3891.61,3714.62,3765.16,245989.54,938866049.19,3785.67,direct,
372,1641340800,3847.65,3424.77,3785.67,409099.95,1497204817.27,3536.77,direct,
373,1641427200,3549.26,3300.16,3536.77,453380.13,1549952613.52,3406.48,direct,
374,1641513600,3415.21,3081.33,3406.48,658469.5,2113480068.24,3196.47,direct,
375,1641600000,3247.14,3000.44,3196.47,378058.74,1176273571.17,3080.81,direct,
376,1641686400,3211.44,3058.72,3080.81,237084.95,744089597.15,3150.83,direct,
377,1641772800,3180.23,2929.63,3150.83,464065.27,1414704260.19,3083.68,direct,
378,1641859200,3265.05,3053.43,3083.68,287428.21,909974304.07,3240.32,direct,
379,1641945600,3415.58,3207.8,3240.32,294179.82,976636720.28,3373.03,direct,
380,1642032000,3412.61,3234.68,3373.03,253943.25,842177824.2,3242.26,direct,
381,1642118400,3344.43,3190.86,3242.26,231692.68,757380057.76,3309.66,direct,
382,1642204800,3372.84,3262.31,3309.66,126153.72,419775516.58,3328.63,direct,
383,1642291200,3393.05,3275.11,3328.63,122574.95,408917682.57,3349.61,direct,
384,1642377600,3358.54,3143.23,3349.61,253781.11,821946264.75,3210.9,direct,
385,1642464000,3244.64,3085.01,3210.9,281019.69,886615823.7,3161.5,direct,
386,1642550400,3174.98,3048.26,3161.5,290430.38,904276109.96,3084.78,direct,
387,1642636800,3272.69,2987.33,3084.78,336839.6,1059563581.09,3002.43,direct,
388,1642723200,3033.86,2473.06,3002.43,988993.98,2739752122.2,2569.59,direct,
389,1642809600,2626.26,2306.11,2569.59,882340.28,2161344450.57,2412.23,direct,
390,1642896000,2549.64,2372.63,2412.23,445834.07,1097388289.15,2541.6,direct,
391,1642982400,2541.78,2160.66,2541.6,1073894.23,2488339892.27,2442.27,direct,
392,1643068800,2508.14,2351.86,2442.27,485036.16,1178707258.61,2459.65,direct,
393,1643155200,2723.15,2402.99,2459.65,737513.68,1884456587.88,2464.13,direct,
394,1643241600,2521.07,2316.47,2464.13,509719.12,1232688510.11,2425.83,direct,
395,1643328000,2558.86,2359.78,2425.83,427257.35,1045738950.11,2547.03,direct,
396,1643414400,2637.58,2522.26,2547.03,252029.25,648693006.43,2603.1,direct,
397,1643500800,2639.97,2544.43,2603.1,191134.8,496079257.79,2603.24,direct,
398,1643587200,2707.52,2479.42,2603.24,354789.83,923473240.93,2689.14,direct,
399,1643673600,2814.09,2676.94,2689.14,368573.73,1017221692.9,2790.15,direct,
400,1643760000,2812.72,2613.75,2790.15,412321.15,1117424351.2,2681.11,direct,
401,1643846400,2727.32,2575.55,2681.11,335349.34,883999086.79,2697.18,direct,
402,1643932800,2998.46,2673.44,2697.18,490154.91,1401499392.17,2997.18,direct,
403,1644019200,3062.95,2962.22,2997.18,255479.72,769211760.94,3015.26,direct,
404,1644105600,3075.45,2952.8,3015.26,133595.11,402035046.33,3057.68,direct,
405,1644192000,3192.5,2996.04,3057.68,372171.22,1158530947.35,3141.38,direct,
406,1644278400,3233.58,3028.6,3141.38,360771.09,1122580120.4,3118.76,direct,
407,1644364800,3273.04,3057.51,3118.76,291438.28,924663930.55,3246.72,direct,
408,1644451200,3283.28,3059.58,3246.72,400824.47,1273705251.69,3074.84,direct,
409,1644537600,3139.99,2880.24,3074.84,446120.24,1349461675.11,2928.93,direct,
410,1644624000,2986.55,2859.52,2928.93,218079.8,636492567.43,2918.34,direct,
411,1644710400,2954.6,2839.03,2918.34,162466.43,471244695.51,2872.44,direct,
412,1644796800,2965.85,2832.37,2872.44,310054.68,900749488.39,2931.12,direct,
413,1644883200,3197.58,2913.29,2931.12,324817.22,1002040864.64,3185.81,direct,
414,1644969600,3189.15,3045.67,3185.81,257029.5,803304744.19,3124.33,direct,
415,1645056000,3161.66,2854.87,3124.33,426192.96,1278963366.95,2894.42,direct,
416,1645142400,2945.24,2753.63,2894.42,386698.78,1096377704.49,2780.72,direct,
417,1645228800,2831.75,2699.43,2780.72,204084.91,563929415.84,2764.5,direct,
418,1645315200,2765.19,2576.75,2764.5,296987.31,788545229.88,2622.7,direct,
419,1645401600,2759.38,2561.64,2622.7,480551.54,1280527155.22,2570.15,direct,
420,1645488000,2666.02,2502.79,2570.15,421346.73,1088026319.81,2638.81,direct,
421,1645574400,2755.04,2578.18,2638.81,351075.55,937541603.27,2580.97,direct,
422,1645660800,2708.0,2302.3,2580.97,976089.91,2394587900.96,2597.94,direct,
423,1645747200,2836.6,2573.59,2597.94,397777.86,1068346401.49,2769.0,direct,
424,1645833600,2872.94,2730.21,2769.0,228073.48,637768288.08,2780.32,direct,
425,1645920000,2835.86,2560.39,2780.32,402408.5,1085892930.75,2617.32,direct,
426,1646006400,2945.2,2571.64,2617.32,507566.28,1390670729.71,2919.85,direct,
427,1646092800,3035.04,2861.91,2919.85,432840.34,1275345152.75,2976.59,direct,
428,1646179200,3035.58,2916.52,2976.59,373509.87,1110866879.98,2949.03,direct,
429,1646265600,2971.29,2790.6,2949.03,310213.42,888491373.47,2833.71,direct,
430,1646352000,2834.95,2577.66,2833.71,413535.48,1114507567.57,2622.51,direct,
431,1646438400,2682.35,2591.96,2622.51,118149.01,312186085.03,2666.18,direct,
432,1646524800,2675.13,2550.56,2666.18,131309.35,343584082.5,2552.58,direct,
433,1646611200,2646.36,2450.51,2552.58,365700.0,926973297.81,2496.67,direct,
434,1646697600,2623.67,2486.41,2496.67,301868.62,773261628.78,2579.18,direct,
435,1646784000,2767.0,2572.58,2579.18,311246.75,845338807.07,2733.05,direct,
436,1646870400,2733.49,2565.89,2733.05,345967.91,903490445.4,2608.64,direct,
437,1646956800,2667.32,2528.3,2608.64,272956.31,705087040.47,2557.57,direct,
438,1647043200,2613.21,2555.12,2557.57,93815.15,242567780.48,2569.87,direct,
439,1647129600,2601.69,2498.79,2569.87,129148.33,330151197.72,2516.83,direct,
440,1647216000,2608.14,2503.88,2516.83,222653.25,570156967.79,2591.45,direct,
441,1647302400,2668.8,2512.0,2591.45,281854.48,729493276.15,2619.61,direct,
442,1647388800,2787.84,2607.23,2619.61,383216.56,1032083525.66,2775.15,direct,
443,1647475200,2835.17,2750.42,2775.15,287141.33,802482340.33,2814.64,direct,
444,1647561600,2978.26,2771.37,2814.64,441350.22,1268306240.7,2941.32,direct,
445,1647648000,2983.2,2907.12,2941.32,182471.07,538679042.44,2952.64,direct,
446,1647734400,2963.95,2820.11,2952.64,162953.99,470175915.87,2861.26,direct,
447,1647820800,2960.6,2834.51,2861.26,259557.83,754395426.87,2895.01,direct,
448,1647907200,3049.24,2888.86,2895.01,368766.57,1105346813.25,2970.47,direct,
449,1647993600,3038.65,2926.7,2970.47,298978.12,891655004.6,3037.3,direct,
450,1648080000,3129.44,3004.26,3037.3,392621.51,1204417827.74,3112.85,direct,
451,1648166400,3193.97,3080.87,3112.85,332993.23,1043393468.05,3104.04,direct,
452,1648252800,3153.55,3086.7,3104.04,98656.67,308097209.43,3146.36,direct,
453,1648339200,3299.22,3128.13,3146.36,186907.99,599229501.54,3296.46,direct,
454,1648425600,3433.9,3276.53,3296.46,369540.98,1240484725.34,3334.29,direct,
455,1648512000,3481.81,3331.97,3334.29,309607.06,1057698452.9,3402.62,direct,
456,1648598400,3443.99,3340.85,3402.62,215492.76,730754932.49,3385.11,direct,
457,1648684800,3445.59,3261.99,3385.11,267142.15,892918044.54,3282.78,direct,
458,1648771200,3481.39,3214.41,3282.78,341191.37,1146333667.69,3455.72,direct,
459,1648857600,3531.17,3435.63,3455.72,223141.3,777202927.2,3444.68,direct,
460,1648944000,3580.76,3414.24,3444.68,173032.36,605819080.56,3522.49,direct,
461,1649030400,3546.88,3408.47,3522.49,257607.25,896630079.47,3520.15,direct,
462,1649116800,3553.56,3397.01,3520.15,279510.77,972367292.53,3406.48,direct,
463,1649203200,3407.48,3162.57,3406.48,485056.81,1587365720.77,3168.91,direct,
464,1649289600,3269.19,3143.89,3168.91,260468.32,836302734.24,3229.28,direct,
465,1649376000,3313.28,3174.37,3229.28,227087.37,738712527.46,3192.92,direct,
466,1649462400,3268.83,3183.1,3192.92,91610.23,295003082.23,3259.62,direct,
467,1649548800,3308.86,3191.99,3259.62,120410.14,391825529.05,3202.89,direct,
468,1649635200,3214.49,2950.95,3202.89,403463.25,1233562295.37,2979.52,direct,
469,1649721600,3086.55,2951.54,2979.52,314585.59,950255189.07,3028.77,direct,
470,1649808000,3129.24,2997.92,3028.77,228501.62,701662998.64,3118.5,direct,
471,1649894400,3144.41,2976.71,3118.5,209785.23,640639970.5,3021.76,direct,
472,1649980800,3058.39,2994.32,3021.76,112527.6,340633128.58,3041.21,direct,
473,1650067200,3086.29,3011.45,3041.21,71416.98,217214977.29,3060.28,direct,
474,1650153600,3082.05,2982.78,3060.28,107492.8,327041532.39,2988.4,direct,
475,1650240000,3070.29,2883.58,2988.4,279489.32,827696634.5,3056.2,direct,
476,1650326400,3131.65,3030.72,3056.2,191668.54,590853605.85,3102.52,direct,
477,1650412800,3167.34,3036.35,3102.52,221851.43,686897462.05,3077.74,direct,
478,1650499200,3179.21,2943.42,3077.74,270698.7,833558465.56,2984.24,direct,
479,1650585600,3033.2,2933.76,2984.24,218762.93,652250110.96,2963.17,direct,
480,1650672000,2979.17,2917.56,2963.17,86821.69,256592711.6,2933.65,direct,
481,1650758400,2967.57,2912.94,2933.65,84600.84,248805776.03,2922.37,direct,
482,1650844800,3026.15,2798.58,2922.37,375642.45,1088856116.93,3006.45,direct,
483,1650931200,3037.19,2768.64,3006.45,320227.74,927820742.34,2809.6,direct,
484,1651017600,2919.74,2795.23,2809.6,274649.23,787100076.86,2889.72,direct,
485,1651104000,2979.81,2855.11,2889.72,266540.51,778080070.18,2936.49,direct,
486,1651190400,2945.97,2776.18,2936.49,295430.37,844702667.04,2817.23,direct,
487,1651276800,2841.57,2717.75,2817.23,143031.78,399317728.28,2726.98,direct,
488,1651363200,2848.48,2717.45,2726.98,147819.9,411197825.48,2826.04,direct,
489,1651449600,2882.32,2777.75,2826.04,306241.97,866626990.45,2856.12,direct,
490,1651536000,2861.43,2754.39,2856.12,228558.02,643426033.63,2780.63,direct,
491,1651622400,2967.75,2770.84,2780.63,288993.54,830683889.51,2940.31,direct,
492,1651708800,2953.25,2691.89,2940.31,323467.94,905660794.97,2747.28,direct,
493,1651795200,2757.11,2633.94,2747.28,321766.12,867130443.62,2692.08,direct,
494,1651881600,2703.39,2589.82,2692.08,135380.98,359893218.95,2635.19,direct,
495,1651968000,2641.2,2486.56,2635.19,272074.71,692511713.12,2519.08,direct,
496,1652054400,2529.04,2224.84,2519.08,811474.42,1914870712.98,2230.95,direct,
497,1652140800,2457.17,2200.52,2230.95,787320.27,1850298109.21,2341.58,direct,
498,1652227200,2450.75,2003.31,2341.58,1217185.95,2717512970.57,2077.83,direct,
499,1652313600,2180.84,1713.99,2077.83,1433452.88,2753038207.64,1952.81,direct,
500,1652400000,2105.4,1936.1,1952.81,141081.42,287252272.37,2081.41,direct,
